,subtasks,comments,issue_link_count,outward_count,inward_count,issue_type,priority,log_change_count,estimation_error,estimate_class
0,0,0,0,0,0,Sub-task,0.0,28.0,-0.6666666666666666,underestimated
1,0,2,0,0,0,Task,2.0,8.0,-0.01639344262295082,underestimated
2,0,1,1,0,1,Bug,2.0,10.0,-0.6666666666666666,underestimated
6,0,4,2,1,1,Bug,3.0,7.0,-0.6666666666666666,underestimated
7,0,4,2,0,2,Bug,2.0,12.0,-0.8571428571428571,underestimated
9,0,8,1,1,0,Task,2.0,45.0,-0.75,underestimated
11,0,1,0,0,0,Bug,2.0,6.0,-0.6666666666666666,underestimated
12,0,1,0,0,0,Sub-task,2.0,4.0,-0.8,underestimated
13,0,1,1,0,1,Bug,2.0,6.0,-0.5,underestimated
15,0,1,0,0,0,Feature Request,2.0,7.0,-0.5,underestimated
17,0,1,0,0,0,Task,2.0,3.0,-0.6666666666666666,underestimated
18,0,0,0,0,0,Enhancement,2.0,7.0,-0.6666666666666666,underestimated
19,0,4,2,2,0,Bug,2.0,6.0,-0.5,underestimated
22,0,8,1,1,0,Sub-task,2.0,8.0,-0.8461538461538461,underestimated
23,0,2,0,0,0,Bug,2.0,6.0,-0.75,underestimated
24,0,2,1,1,0,Feature Request,2.0,9.0,-0.6666666666666666,underestimated
25,0,4,0,0,0,Bug,2.0,7.0,-0.6666666666666666,underestimated
26,0,1,1,0,1,Bug,2.0,6.0,-0.8,underestimated
27,0,2,0,0,0,Bug,1.0,3.0,-0.5,underestimated
28,0,1,0,0,0,Bug,2.0,3.0,-0.6666666666666666,underestimated
29,0,1,2,0,2,Bug,2.0,5.0,-0.5,underestimated
31,0,3,0,0,0,Bug,1.0,5.0,-0.6666666666666666,underestimated
34,0,1,0,0,0,Bug,2.0,3.0,-0.6666666666666666,underestimated
37,0,18,0,0,0,Bug,2.0,6.0,-0.6666666666666666,underestimated
39,0,1,1,1,0,Quality Risk,2.0,7.0,-0.4,underestimated
40,0,3,0,0,0,Bug,2.0,3.0,-0.4,underestimated
41,0,2,1,0,1,Bug,2.0,9.0,-0.5,underestimated
42,0,3,0,0,0,Bug,1.0,4.0,-0.6666666666666666,underestimated
43,0,1,0,0,0,Bug,2.0,5.0,-0.6666666666666666,underestimated
44,0,3,0,0,0,Bug,0.0,5.0,-0.6666666666666666,underestimated
45,0,1,0,0,0,Bug,2.0,2.0,-0.6666666666666666,underestimated
49,0,5,2,2,0,Quality Risk,2.0,9.0,-0.4,underestimated
50,0,2,2,0,2,Bug,2.0,13.0,-0.6666666666666666,underestimated
51,0,1,1,0,1,Bug,2.0,5.0,-0.6666666666666666,underestimated
52,0,4,1,0,1,Bug,2.0,9.0,-0.8571428571428571,underestimated
54,0,1,0,0,0,Task,2.0,11.0,-0.6666666666666666,underestimated
55,0,1,0,0,0,Task,2.0,5.0,-0.5,underestimated
56,0,3,0,0,0,Task,2.0,9.0,-0.8571428571428571,underestimated
58,0,5,2,1,1,Quality Risk,2.0,7.0,-0.5,underestimated
59,0,1,0,0,0,Bug,3.0,3.0,-0.6666666666666666,underestimated
60,0,11,0,0,0,Sub-task,2.0,13.0,-0.9333333333333333,underestimated
61,0,4,0,0,0,Quality Risk,2.0,11.0,-0.6666666666666666,underestimated
62,0,1,0,0,0,Enhancement,3.0,6.0,-0.75,underestimated
64,0,14,1,0,1,Sub-task,2.0,27.0,-0.3333333333333333,underestimated
66,0,0,1,0,1,Story,-1.0,12.0,-0.16666666666666666,underestimated
72,4,7,1,1,0,Task,2.0,19.0,-0.3333333333333333,underestimated
74,0,6,4,0,4,Feature Request,2.0,36.0,-0.6666666666666666,underestimated
77,0,0,3,1,2,Bug,3.0,20.0,-0.5,underestimated
79,0,0,0,0,0,Story,2.0,11.0,-0.2857142857142857,underestimated
80,0,0,0,0,0,Story,2.0,13.0,-0.5,underestimated
81,0,0,0,0,0,Story,2.0,14.0,-0.8571428571428571,underestimated
82,1,0,0,0,0,Story,2.0,20.0,-0.8571428571428571,underestimated
83,0,0,0,0,0,Task,2.0,22.0,-0.8235294117647058,underestimated
89,0,0,1,0,1,Feature Request,3.0,12.0,-0.6666666666666666,underestimated
90,0,3,0,0,0,Task,2.0,18.0,-0.5,underestimated
93,0,19,2,1,1,Feature Request,2.0,36.0,-0.3333333333333333,underestimated
94,0,0,0,0,0,Task,3.0,6.0,-0.875,underestimated
98,0,6,0,0,0,Task,3.0,20.0,-0.9069767441860465,underestimated
103,0,0,0,0,0,Task,2.0,13.0,-0.5714285714285714,underestimated
105,0,2,1,1,0,Task,2.0,19.0,-0.6666666666666666,underestimated
108,0,6,0,0,0,Bug,2.0,5.0,-0.875,underestimated
111,0,0,1,1,0,Task,2.0,7.0,-0.8387096774193549,underestimated
114,3,1,0,0,0,Feature Request,2.0,6.0,-0.75,underestimated
115,0,2,1,1,0,Feature Request,3.0,15.0,-0.9,underestimated
116,0,7,1,1,0,Feature Request,2.0,9.0,-0.6666666666666666,underestimated
118,0,0,0,0,0,Task,2.0,9.0,-0.875,underestimated
119,0,0,0,0,0,Task,1.0,20.0,-0.5,underestimated
120,0,7,0,0,0,Task,3.0,15.0,-0.5,underestimated
123,0,8,2,2,0,Bug,1.0,22.0,-0.9090909090909091,underestimated
126,0,5,0,0,0,Bug,2.0,15.0,-0.5,underestimated
127,0,6,2,1,1,Task,2.0,17.0,-0.3333333333333333,underestimated
133,0,5,2,0,2,Bug,3.0,19.0,-0.6666666666666666,underestimated
143,0,2,0,0,0,Task,2.0,13.0,-0.4,underestimated
148,0,9,1,0,1,Bug,1.0,19.0,-0.6666666666666666,underestimated
149,0,2,2,0,2,Bug,0.0,20.0,-0.6666666666666666,underestimated
150,0,6,3,1,2,Bug,1.0,24.0,-0.5,underestimated
151,0,13,9,4,5,Bug,1.0,29.0,-0.75,underestimated
152,0,9,2,1,1,Bug,2.0,38.0,-0.75,underestimated
154,0,11,4,2,2,Bug,1.0,47.0,-0.6666666666666666,underestimated
157,0,11,2,0,2,Bug,0.0,30.0,-0.8333333333333334,underestimated
158,0,11,2,1,1,Bug,2.0,26.0,-0.6666666666666666,underestimated
160,0,4,2,2,0,Bug,2.0,23.0,-0.5,underestimated
163,0,2,1,1,0,Enhancement,4.0,26.0,-0.5,underestimated
167,0,1,2,0,2,Task,2.0,7.0,-0.6666666666666666,underestimated
168,0,2,1,0,1,Task,2.0,8.0,-0.6666666666666666,underestimated
169,0,2,0,0,0,Task,2.0,5.0,-0.5,underestimated
174,0,8,0,0,0,Task,2.0,7.0,-0.937112488928255,underestimated
175,1,8,2,0,2,Task,2.0,19.0,-0.951048951048951,underestimated
184,0,12,1,0,1,Feature Request,2.0,22.0,-0.6666666666666666,underestimated
185,0,6,1,0,1,Feature Request,1.0,15.0,-0.4,underestimated
189,0,4,0,0,0,Task,2.0,2.0,-0.5,underestimated
192,0,1,0,0,0,Patch,2.0,5.0,-0.6666666666666666,underestimated
193,0,0,0,0,0,Task,2.0,2.0,-0.5,underestimated
199,0,2,0,0,0,Task,1.0,15.0,-0.5882352941176471,underestimated
200,0,5,0,0,0,Task,1.0,14.0,-0.6666666666666666,underestimated
201,0,7,0,0,0,Task,1.0,12.0,-0.7692307692307693,underestimated
202,0,6,0,0,0,Task,1.0,24.0,-0.2222222222222222,underestimated
203,0,9,1,1,0,Task,1.0,26.0,-0.9090909090909091,underestimated
210,0,19,0,0,0,Task,2.0,32.0,-0.2222222222222222,underestimated
215,0,7,0,0,0,Bug,2.0,29.0,-0.6666666666666666,underestimated
217,0,2,0,0,0,Bug,2.0,9.0,-0.5,underestimated
220,0,2,0,0,0,Enhancement,2.0,35.0,-0.5748218527315915,underestimated
238,0,0,0,0,0,Documentation,1.0,16.0,-0.9172932330827067,underestimated
239,0,0,0,0,0,Documentation,1.0,12.0,-0.4,underestimated
241,0,0,0,0,0,Task,2.0,8.0,-0.5384615384615384,underestimated
242,0,9,0,0,0,Task,2.0,12.0,-0.01639344262295082,underestimated
244,0,6,1,1,0,Task,2.0,10.0,-0.75,underestimated
245,0,0,0,0,0,Task,2.0,20.0,-0.6666666666666666,underestimated
249,0,3,1,0,1,Bug,3.0,23.0,-0.6666666666666666,underestimated
252,0,1,3,3,0,Enhancement,2.0,41.0,-0.6666666666666666,underestimated
257,0,2,0,0,0,Task,2.0,10.0,-0.5,underestimated
259,0,3,2,1,1,Task,2.0,13.0,-0.6666666666666666,underestimated
260,0,8,0,0,0,Task,1.0,19.0,-0.6666666666666666,underestimated
262,0,0,0,0,0,Task,2.0,11.0,-0.3333333333333333,underestimated
263,0,0,1,1,0,Task,2.0,26.0,-0.9565217391304348,underestimated
265,0,6,1,1,0,Task,2.0,10.0,-0.6666666666666666,underestimated
268,0,0,0,0,0,Task,2.0,16.0,-0.46153846153846156,underestimated
269,0,0,0,0,0,Task,2.0,19.0,-0.8571428571428571,underestimated
270,0,0,0,0,0,Task,2.0,15.0,-0.40848806366047746,underestimated
271,0,0,0,0,0,Task,2.0,11.0,-0.6666666666666666,underestimated
274,0,4,2,0,2,Task,2.0,36.0,-0.5,underestimated
275,0,2,0,0,0,Task,2.0,23.0,-0.6666666666666666,underestimated
276,0,1,0,0,0,Task,2.0,11.0,-0.5,underestimated
277,0,1,0,0,0,Task,2.0,10.0,-0.6666666666666666,underestimated
278,0,0,0,0,0,Task,2.0,12.0,-0.9228007181328546,underestimated
279,0,0,0,0,0,Task,2.0,22.0,-0.3333333333333333,underestimated
280,0,1,0,0,0,Task,2.0,10.0,-0.5,underestimated
282,0,1,1,0,1,Task,2.0,11.0,-0.6666666666666666,underestimated
284,0,1,2,2,0,Task,2.0,11.0,-0.4,underestimated
286,0,2,1,1,0,Task,2.0,8.0,-0.6666666666666666,underestimated
290,0,5,1,1,0,Bug,1.0,15.0,-0.6666666666666666,underestimated
295,0,4,1,0,1,Task,0.0,23.0,-0.6666666666666666,underestimated
298,0,4,0,0,0,Enhancement,1.0,25.0,-0.6666666666666666,underestimated
299,0,35,2,2,0,Feature Request,1.0,46.0,-0.75,underestimated
300,0,14,2,1,1,Bug,2.0,54.0,-0.8181818181818182,underestimated
301,0,1,2,1,1,Task,1.0,22.0,-0.7837837837837838,underestimated
302,3,3,1,1,0,Task,2.0,9.0,-0.8,underestimated
303,0,1,0,0,0,Bug,2.0,3.0,-0.8333333333333334,underestimated
304,2,1,0,0,0,Enhancement,2.0,11.0,-0.4,underestimated
305,2,1,0,0,0,Enhancement,2.0,12.0,-0.2222222222222222,underestimated
308,5,24,0,0,0,Task,0.0,20.0,-0.5384615384615384,underestimated
309,1,2,0,0,0,Bug,0.0,22.0,-0.5,underestimated
310,2,0,0,0,0,Bug,1.0,26.0,-0.75,underestimated
313,1,3,2,1,1,Enhancement,2.0,18.0,-0.6666666666666666,underestimated
314,2,4,0,0,0,Bug,0.0,27.0,-0.6666666666666666,underestimated
317,1,3,0,0,0,Bug,2.0,26.0,-0.2,underestimated
318,1,3,0,0,0,Bug,2.0,19.0,-0.5,underestimated
319,2,1,0,0,0,Bug,2.0,20.0,-0.8571428571428571,underestimated
320,0,2,0,0,0,Bug,0.0,24.0,-0.5,underestimated
322,2,0,0,0,0,Bug,2.0,16.0,-0.8,underestimated
323,2,1,0,0,0,Bug,2.0,20.0,-0.15384615384615385,underestimated
330,0,0,0,0,0,Task,2.0,23.0,-0.75,underestimated
332,0,2,0,0,0,Task,2.0,11.0,-0.8732394366197183,underestimated
333,0,1,1,0,1,Task,2.0,25.0,-0.6666666666666666,underestimated
335,0,2,1,1,0,Task,2.0,24.0,-0.42857142857142855,underestimated
337,0,3,4,1,3,Task,2.0,21.0,-0.2545454545454545,underestimated
338,0,0,0,0,0,Task,2.0,12.0,-0.4,underestimated
339,0,10,0,0,0,Task,2.0,28.0,-0.8,underestimated
343,0,0,0,0,0,Bug,2.0,7.0,-0.6666666666666666,underestimated
344,0,6,2,2,0,Task,2.0,32.0,-0.5,underestimated
345,0,3,0,0,0,Task,2.0,9.0,-0.6666666666666666,underestimated
346,0,1,0,0,0,Bug,2.0,18.0,-0.6666666666666666,underestimated
347,0,2,1,0,1,Task,2.0,17.0,-0.9213483146067416,underestimated
349,0,0,0,0,0,Task,2.0,13.0,-0.6666666666666666,underestimated
351,0,0,0,0,0,Task,2.0,13.0,-0.4,underestimated
353,0,0,0,0,0,Task,2.0,16.0,-0.6666666666666666,underestimated
354,0,0,0,0,0,Task,2.0,15.0,-0.6666666666666666,underestimated
355,0,0,0,0,0,Task,2.0,15.0,-0.6666666666666666,underestimated
356,0,0,1,1,0,Task,2.0,15.0,-0.6666666666666666,underestimated
357,0,0,1,1,0,Task,2.0,19.0,-0.6721311475409836,underestimated
358,0,0,0,0,0,Task,2.0,16.0,-0.6666666666666666,underestimated
360,0,1,1,1,0,Task,2.0,26.0,-0.75,underestimated
361,0,1,0,0,0,Task,2.0,9.0,-0.6666666666666666,underestimated
362,0,0,1,1,0,Task,2.0,12.0,-0.7692307692307693,underestimated
364,0,2,0,0,0,Task,2.0,20.0,-0.25,underestimated
366,0,3,0,0,0,Task,2.0,29.0,-0.6666666666666666,underestimated
370,0,3,0,0,0,Task,2.0,10.0,-0.6666666666666666,underestimated
372,0,1,0,0,0,Task,2.0,16.0,-0.4,underestimated
374,0,4,0,0,0,Task,2.0,16.0,-0.5,underestimated
376,0,3,0,0,0,Task,2.0,11.0,-0.6666666666666666,underestimated
381,0,1,0,0,0,Publishing Support,2.0,8.0,-0.8273615635179153,underestimated
382,0,1,1,0,1,Publishing Support,2.0,7.0,-0.6363636363636364,underestimated
383,0,1,0,0,0,Sub-task,2.0,4.0,-0.8,underestimated
385,3,0,1,0,1,Publishing Support,2.0,9.0,-0.8,underestimated
387,0,1,0,0,0,Publishing Support,2.0,8.0,-0.8620689655172413,underestimated
388,0,9,1,1,0,Improvement,2.0,35.0,-0.6666666666666666,underestimated
390,0,11,1,1,0,Bug,2.0,26.0,-0.9714285714285714,underestimated
391,0,2,0,0,0,Bug,2.0,12.0,-0.8,underestimated
394,0,0,0,0,0,Sub-task,2.0,11.0,-0.8,underestimated
396,0,5,0,0,0,Bug,2.0,22.0,-0.48739495798319327,underestimated
400,0,1,0,0,0,Sub-task,2.0,12.0,-0.6363636363636364,underestimated
404,0,4,0,0,0,Improvement,2.0,22.0,-0.09523809523809523,underestimated
405,0,2,0,0,0,Bug,2.0,15.0,-0.5245901639344263,underestimated
406,0,1,0,0,0,Sub-task,2.0,16.0,-0.8235294117647058,underestimated
408,0,1,0,0,0,Sub-task,2.0,19.0,-0.8888888888888888,underestimated
409,0,2,0,0,0,Sub-task,2.0,12.0,-0.9285714285714286,underestimated
412,0,1,0,0,0,Improvement,2.0,12.0,-0.4810126582278481,underestimated
417,0,0,0,0,0,Sub-task,2.0,20.0,-0.8,underestimated
419,0,0,0,0,0,Improvement,2.0,9.0,-0.6666666666666666,underestimated
420,0,1,0,0,0,Improvement,2.0,12.0,-0.6666666666666666,underestimated
421,0,2,0,0,0,Bug,2.0,11.0,-0.6666666666666666,underestimated
422,0,0,0,0,0,Sub-task,2.0,12.0,-0.875,underestimated
424,0,4,0,0,0,Bug,2.0,19.0,-0.6666666666666666,underestimated
425,0,0,0,0,0,Improvement,2.0,13.0,-0.7755102040816326,underestimated
426,0,2,0,0,0,Bug,2.0,12.0,-0.8,underestimated
427,0,5,0,0,0,Bug,2.0,19.0,-0.9090909090909091,underestimated
429,0,0,0,0,0,Improvement,2.0,10.0,-0.6666666666666666,underestimated
430,0,1,0,0,0,Bug,2.0,12.0,-0.2857142857142857,underestimated
431,0,2,0,0,0,Bug,3.0,11.0,-0.5,underestimated
432,0,2,0,0,0,Bug,2.0,17.0,-0.6666666666666666,underestimated
433,4,1,0,0,0,Improvement,3.0,21.0,-0.7333333333333333,underestimated
435,0,1,0,0,0,Sub-task,2.0,24.0,-0.6296296296296297,underestimated
440,0,2,0,0,0,Bug,2.0,15.0,-0.4810126582278481,underestimated
441,0,1,0,0,0,Improvement,2.0,15.0,-0.9655172413793104,underestimated
445,0,2,0,0,0,Bug,1.0,18.0,-0.6046511627906976,underestimated
449,0,2,3,2,1,Bug,1.0,20.0,-0.8235294117647058,underestimated
450,0,2,0,0,0,Bug,2.0,19.0,-0.9090909090909091,underestimated
451,0,2,0,0,0,Bug,2.0,17.0,-0.6206896551724138,underestimated
453,0,2,1,0,1,Bug,2.0,11.0,-0.8235294117647058,underestimated
454,0,2,0,0,0,Bug,3.0,13.0,-0.6046511627906976,underestimated
457,0,1,0,0,0,Bug,2.0,10.0,-0.09523809523809523,underestimated
458,0,1,1,1,0,Bug,2.0,21.0,-0.6666666666666666,underestimated
459,0,2,0,0,0,Bug,2.0,15.0,-0.9024390243902439,underestimated
461,0,3,0,0,0,Bug,2.0,14.0,-0.8571428571428571,underestimated
463,0,6,0,0,0,Bug,3.0,22.0,-0.23529411764705882,underestimated
464,0,4,0,0,0,Bug,1.0,28.0,-0.9714285714285714,underestimated
465,0,2,0,0,0,Bug,2.0,15.0,-0.7755102040816326,underestimated
466,0,1,0,0,0,Sub-task,2.0,19.0,-0.8,underestimated
468,0,1,0,0,0,Bug,1.0,16.0,-0.2857142857142857,underestimated
469,0,4,0,0,0,Sub-task,2.0,23.0,-0.5454545454545454,underestimated
470,0,3,0,0,0,Sub-task,2.0,14.0,-0.9090909090909091,underestimated
471,0,4,0,0,0,Bug,2.0,20.0,-0.4,underestimated
477,0,3,0,0,0,Sub-task,0.0,22.0,-0.9970588235294118,underestimated
478,0,2,0,0,0,Bug,3.0,22.0,-0.8311688311688312,underestimated
479,0,2,0,0,0,Bug,2.0,20.0,-0.08,underestimated
482,0,1,0,0,0,Bug,1.0,22.0,-0.7671232876712328,underestimated
483,0,2,0,0,0,Sub-task,2.0,19.0,-0.6666666666666666,underestimated
486,0,11,0,0,0,Bug,3.0,26.0,-0.6666666666666666,underestimated
487,0,5,0,0,0,Bug,2.0,13.0,-0.2857142857142857,underestimated
488,0,2,1,0,1,Bug,1.0,18.0,-0.7165775401069518,underestimated
489,0,2,1,0,1,Bug,2.0,13.0,-0.8,underestimated
491,0,0,0,0,0,Sub-task,2.0,11.0,-0.6666666666666666,underestimated
493,0,1,0,0,0,Sub-task,2.0,13.0,-0.6956521739130435,underestimated
497,0,0,0,0,0,Sub-task,2.0,12.0,-0.8,underestimated
498,0,0,0,0,0,Sub-task,2.0,13.0,-0.8,underestimated
500,0,3,0,0,0,Bug,2.0,36.0,-0.3448275862068966,underestimated
503,2,4,0,0,0,Improvement,2.0,20.0,-0.9423076923076923,underestimated
507,0,1,0,0,0,Sub-task,2.0,20.0,-0.8,underestimated
508,0,2,0,0,0,Bug,2.0,10.0,-0.5,underestimated
509,0,1,0,0,0,Bug,1.0,10.0,-0.6666666666666666,underestimated
510,1,2,0,0,0,Improvement,2.0,12.0,-0.6666666666666666,underestimated
512,0,3,0,0,0,Bug,2.0,15.0,-0.5245901639344263,underestimated
514,0,1,0,0,0,Sub-task,2.0,14.0,-0.6666666666666666,underestimated
515,0,2,1,0,1,Bug,3.0,12.0,-0.5,underestimated
516,0,4,1,1,0,Bug,0.0,23.0,-0.5454545454545454,underestimated
519,0,4,0,0,0,Sub-task,2.0,26.0,-0.9534883720930233,underestimated
522,0,4,0,0,0,Improvement,3.0,11.0,-0.875,underestimated
525,0,5,0,0,0,Bug,2.0,14.0,-0.6666666666666666,underestimated
526,0,1,0,0,0,Sub-task,2.0,19.0,-0.5454545454545454,underestimated
528,0,3,0,0,0,Bug,2.0,17.0,-0.5,underestimated
530,0,12,0,0,0,Bug,1.0,16.0,-0.75,underestimated
532,0,2,1,0,1,Bug,3.0,11.0,-0.5,underestimated
533,0,4,3,1,2,Bug,2.0,13.0,-0.36363636363636365,underestimated
534,0,3,0,0,0,Bug,2.0,10.0,-0.5,underestimated
536,0,3,0,0,0,Sub-task,2.0,12.0,-0.6666666666666666,underestimated
537,0,0,0,0,0,Sub-task,2.0,14.0,-0.8571428571428571,underestimated
539,0,3,0,0,0,Bug,2.0,16.0,-0.47058823529411764,underestimated
540,0,1,0,0,0,Sub-task,2.0,10.0,-0.5,underestimated
541,0,1,0,0,0,Sub-task,2.0,12.0,-0.5,underestimated
545,0,2,0,0,0,Sub-task,2.0,12.0,-0.8571428571428571,underestimated
547,0,2,1,0,1,Sub-task,2.0,24.0,-0.3333333333333333,underestimated
550,0,3,0,0,0,Bug,2.0,10.0,-0.5,underestimated
552,0,3,0,0,0,Improvement,2.0,15.0,-0.75,underestimated
553,0,3,1,1,0,Improvement,2.0,20.0,-0.4,underestimated
554,0,0,0,0,0,Improvement,2.0,9.0,-0.6666666666666666,underestimated
555,0,2,0,0,0,Bug,2.0,11.0,-0.5,underestimated
556,0,0,1,1,0,Sub-task,2.0,16.0,-0.9411764705882353,underestimated
562,0,0,0,0,0,Sub-task,2.0,13.0,-0.6666666666666666,underestimated
563,0,0,0,0,0,Sub-task,2.0,14.0,-0.8,underestimated
564,0,0,0,0,0,Sub-task,2.0,16.0,-0.6666666666666666,underestimated
565,0,0,0,0,0,Sub-task,2.0,15.0,-0.9285714285714286,underestimated
567,0,1,2,2,0,Sub-task,2.0,25.0,-0.6666666666666666,underestimated
569,0,1,1,1,0,Sub-task,2.0,24.0,-0.4,underestimated
570,0,1,0,0,0,Sub-task,2.0,24.0,-0.9565217391304348,underestimated
571,0,1,1,1,0,Sub-task,2.0,24.0,-0.5,underestimated
573,0,2,1,0,1,Sub-task,2.0,30.0,-0.6153846153846154,underestimated
574,0,1,0,0,0,Sub-task,2.0,20.0,-0.4,underestimated
581,0,1,1,1,0,Sub-task,2.0,30.0,-0.4,underestimated
582,0,1,0,0,0,Sub-task,2.0,29.0,-0.7368421052631579,underestimated
585,0,0,0,0,0,Sub-task,2.0,21.0,-0.6666666666666666,underestimated
587,0,6,0,0,0,Improvement,2.0,19.0,-0.7027027027027027,underestimated
590,0,0,0,0,0,Task,2.0,19.0,-0.3333333333333333,underestimated
592,0,1,0,0,0,New Feature,2.0,24.0,-0.5,underestimated
602,0,1,0,0,0,Task,2.0,19.0,-0.6666666666666666,underestimated
603,0,4,0,0,0,Task,2.0,21.0,-0.03278688524590164,underestimated
604,0,0,0,0,0,Improvement,2.0,18.0,-0.5,underestimated
605,3,4,4,3,1,Bug,1.0,51.0,-0.9952533523199241,underestimated
606,1,3,3,1,2,Bug,4.0,39.0,-0.9770158973376748,underestimated
610,0,0,0,0,0,Bug,2.0,17.0,-0.5,underestimated
611,0,0,0,0,0,Bug,2.0,14.0,-0.6666666666666666,underestimated
612,0,6,1,0,1,Bug,2.0,20.0,-0.6666666666666666,underestimated
619,0,0,1,1,0,Story,2.0,13.0,-0.7757352941176471,underestimated
620,0,6,1,1,0,Story,2.0,15.0,-0.7474226804123711,underestimated
622,0,1,0,0,0,Story,4.0,25.0,-0.5,underestimated
623,0,0,0,0,0,Task,2.0,12.0,-0.75,underestimated
626,0,1,0,0,0,New Feature,2.0,19.0,-0.5714285714285714,underestimated
628,0,5,0,0,0,Bug,1.0,21.0,-0.6666666666666666,underestimated
632,0,1,0,0,0,Task,2.0,18.0,-0.6813186813186813,underestimated
633,0,0,0,0,0,Bug,2.0,25.0,-0.6666666666666666,underestimated
634,0,0,0,0,0,Bug,2.0,30.0,-0.6666666666666666,underestimated
635,0,0,0,0,0,Sub-task,2.0,22.0,-0.8,underestimated
637,0,1,0,0,0,Sub-task,2.0,25.0,-0.75,underestimated
638,0,0,0,0,0,Sub-task,2.0,22.0,-0.3333333333333333,underestimated
643,0,0,0,0,0,Sub-task,2.0,21.0,-0.5,underestimated
644,0,0,0,0,0,Sub-task,2.0,22.0,-0.4,underestimated
645,0,0,0,0,0,Sub-task,2.0,23.0,-0.8,underestimated
646,0,0,0,0,0,Task,2.0,16.0,-0.5,underestimated
648,0,0,0,0,0,Sub-task,2.0,18.0,-0.5,underestimated
651,0,0,0,0,0,Task,2.0,17.0,-0.6666666666666666,underestimated
652,0,1,1,0,1,Bug,1.0,29.0,-0.5,underestimated
662,0,6,1,0,1,Sub-task,2.0,29.0,-0.5,underestimated
667,0,1,0,0,0,Task,2.0,18.0,-0.7368421052631579,underestimated
671,0,15,1,1,0,Sub-task,1.0,16.0,-0.8333333333333334,underestimated
672,0,1,0,0,0,Story,1.0,8.0,-0.6666666666666666,underestimated
673,0,4,1,1,0,Bug,0.0,10.0,-0.6666666666666666,underestimated
674,0,1,0,0,0,Sub-task,1.0,6.0,-0.6666666666666666,underestimated
675,0,0,0,0,0,Task,0.0,7.0,-0.5,underestimated
676,0,0,0,0,0,Sub-task,1.0,7.0,-0.75,underestimated
677,0,2,0,0,0,Story,1.0,12.0,-0.6666666666666666,underestimated
679,0,13,3,1,2,Task,2.0,19.0,-0.75,underestimated
681,0,0,0,0,0,Improvement,3.0,7.0,-0.5,underestimated
683,0,2,1,1,0,New Feature,2.0,15.0,-0.05982215036378335,underestimated
684,0,1,1,0,1,Bug,2.0,8.0,-0.22878228782287824,underestimated
688,0,2,0,0,0,Sub-task,2.0,7.0,-0.5,underestimated
689,0,7,0,0,0,Improvement,2.0,22.0,-0.6666666666666666,underestimated
692,0,1,0,0,0,Task,0.0,11.0,-0.3333333333333333,underestimated
695,0,0,0,0,0,Sub-task,0.0,9.0,-0.3333333333333333,underestimated
696,0,4,0,0,0,Change Request,2.0,22.0,-0.6666666666666666,underestimated
697,0,0,1,0,1,Task,2.0,16.0,-0.3333333333333333,underestimated
700,0,5,0,0,0,Sub-task,1.0,13.0,-0.8625592417061612,underestimated
702,0,3,0,0,0,Technical task,1.0,18.0,-0.5,underestimated
704,0,3,0,0,0,Sub-task,1.0,9.0,-0.8,underestimated
706,0,0,0,0,0,Technical task,1.0,13.0,-0.5294117647058824,underestimated
711,0,5,0,0,0,Task,2.0,25.0,-0.8333333333333334,underestimated
712,0,0,0,0,0,Task,2.0,12.0,-0.6666666666666666,underestimated
713,0,0,0,0,0,Task,-1.0,14.0,-0.5,underestimated
714,0,1,0,0,0,Sub-task,-1.0,16.0,-0.5454545454545454,underestimated
718,0,5,0,0,0,Bug,3.0,6.0,-0.8349514563106796,underestimated
720,0,4,0,0,0,New Feature,2.0,6.0,-0.8461538461538461,underestimated
722,0,1,0,0,0,Task,2.0,4.0,-0.6666666666666666,underestimated
723,0,2,2,1,1,Improvement,2.0,25.0,-0.75,underestimated
724,0,0,0,0,0,Sub-task,2.0,10.0,-0.6666666666666666,underestimated
730,14,0,0,0,0,Bug,2.0,17.0,-0.5276073619631901,underestimated
731,0,0,0,0,0,Sub-task,3.0,10.0,-0.2608695652173913,underestimated
734,0,0,0,0,0,Sub-task,3.0,8.0,-0.5,underestimated
738,0,1,0,0,0,Sub-task,3.0,16.0,-0.6666666666666666,underestimated
739,0,0,0,0,0,Sub-task,3.0,11.0,-0.2,underestimated
740,0,1,0,0,0,Sub-task,3.0,9.0,-0.6666666666666666,underestimated
741,0,1,0,0,0,Sub-task,3.0,16.0,-0.6666666666666666,underestimated
742,0,0,0,0,0,Sub-task,3.0,15.0,-0.3333333333333333,underestimated
745,0,3,0,0,0,Sub-task,2.0,16.0,-0.8461538461538461,underestimated
748,0,0,0,0,0,Sub-task,2.0,9.0,-0.6666666666666666,underestimated
751,0,1,0,0,0,Bug,3.0,24.0,-0.05511811023622047,underestimated
753,0,3,0,0,0,Bug,3.0,12.0,-0.5,underestimated
762,0,2,0,0,0,Bug,3.0,16.0,-0.6666666666666666,underestimated
763,0,4,0,0,0,Bug,2.0,18.0,-0.6666666666666666,underestimated
764,0,4,0,0,0,New Feature,2.0,15.0,-0.5,underestimated
766,1,1,0,0,0,Improvement,2.0,4.0,-0.6666666666666666,underestimated
767,0,2,0,0,0,Bug,3.0,5.0,-0.8,underestimated
768,0,2,0,0,0,Bug,3.0,6.0,-0.5,underestimated
769,0,6,0,0,0,Improvement,3.0,14.0,-0.5,underestimated
775,0,1,0,0,0,Improvement,3.0,8.0,-0.5,underestimated
778,0,1,1,0,1,Bug,3.0,8.0,-0.6666666666666666,underestimated
780,0,16,5,3,2,New Feature,2.0,25.0,-0.9584086799276673,underestimated
788,0,2,2,0,2,New Feature,3.0,3.0,-0.5,underestimated
795,0,2,1,0,1,New Feature,3.0,9.0,-0.7692307692307693,underestimated
797,0,1,0,0,0,Bug,2.0,4.0,-0.6666666666666666,underestimated
798,0,17,0,0,0,Bug,2.0,11.0,-0.2,underestimated
800,0,2,0,0,0,Task,2.0,5.0,-0.8,underestimated
801,0,8,3,0,3,New Feature,2.0,17.0,-0.6666666666666666,underestimated
802,0,1,0,0,0,Bug,2.0,6.0,-0.5,underestimated
806,0,2,0,0,0,Improvement,2.0,11.0,-0.3333333333333333,underestimated
810,0,4,1,0,1,Bug,2.0,4.0,-0.6666666666666666,underestimated
813,0,2,0,0,0,New Feature,2.0,5.0,-0.5,underestimated
816,0,2,0,0,0,New Feature,2.0,9.0,-0.75,underestimated
819,0,2,0,0,0,Bug,2.0,5.0,-0.6666666666666666,underestimated
825,0,1,0,0,0,Improvement,3.0,3.0,-0.6666666666666666,underestimated
827,0,1,0,0,0,New Feature,2.0,3.0,-0.4,underestimated
829,0,1,0,0,0,Improvement,3.0,4.0,-0.2222222222222222,underestimated
830,0,1,0,0,0,New Feature,2.0,4.0,-0.5,underestimated
832,0,1,0,0,0,New Feature,2.0,3.0,-0.75,underestimated
833,0,1,0,0,0,New Feature,2.0,5.0,-0.5,underestimated
834,0,1,0,0,0,Task,2.0,4.0,-0.6666666666666666,underestimated
836,0,1,0,0,0,Improvement,2.0,4.0,-0.6666666666666666,underestimated
837,0,1,0,0,0,New Feature,2.0,2.0,-0.5,underestimated
841,0,0,0,0,0,New Feature,2.0,2.0,-0.5,underestimated
845,0,1,0,0,0,New Feature,2.0,2.0,-0.5,underestimated
848,0,1,0,0,0,New Feature,2.0,4.0,-0.6,underestimated
849,0,2,0,0,0,New Feature,2.0,10.0,-0.95,underestimated
852,0,1,0,0,0,Improvement,2.0,9.0,-0.5,underestimated
880,0,2,0,0,0,New Feature,3.0,3.0,-0.5,underestimated
882,0,6,0,0,0,New Feature,2.0,8.0,-0.5,underestimated
883,0,1,0,0,0,New Feature,2.0,7.0,-0.5,underestimated
887,0,3,1,1,0,Bug,2.0,5.0,-0.8571428571428571,underestimated
888,0,1,5,3,2,Refactoring,3.0,7.0,-0.6666666666666666,underestimated
890,0,4,0,0,0,Bug,2.0,6.0,-0.8571428571428571,underestimated
891,0,5,0,0,0,Bug,2.0,8.0,-0.6666666666666666,underestimated
892,0,4,1,1,0,Bug,2.0,8.0,-0.6666666666666666,underestimated
893,0,7,1,0,1,Bug,2.0,7.0,-0.8571428571428571,underestimated
896,0,4,0,0,0,Bug,2.0,5.0,-0.6666666666666666,underestimated
897,0,2,0,0,0,Bug,2.0,4.0,-0.5,underestimated
898,0,1,1,1,0,Improvement,3.0,5.0,-0.6666666666666666,underestimated
899,0,3,1,1,0,New Feature,3.0,10.0,-0.9164785553047404,underestimated
901,0,2,2,2,0,Refactoring,2.0,5.0,-0.8571428571428571,underestimated
902,0,2,1,1,0,Task,2.0,6.0,-0.6666666666666666,underestimated
904,0,4,1,0,1,Bug,1.0,6.0,-0.6666666666666666,underestimated
905,0,2,0,0,0,Bug,3.0,9.0,-0.6666666666666666,underestimated
907,0,2,0,0,0,Bug,3.0,3.0,-0.5,underestimated
908,0,4,0,0,0,Improvement,3.0,8.0,-0.6666666666666666,underestimated
913,0,3,0,0,0,Bug,3.0,2.0,-0.5,underestimated
915,1,1,1,0,1,Improvement,2.0,5.0,-0.875,underestimated
921,0,5,0,0,0,Improvement,3.0,8.0,-0.9090909090909091,underestimated
923,0,4,0,0,0,Task,3.0,6.0,-0.5,underestimated
924,0,4,0,0,0,Bug,3.0,7.0,-0.4,underestimated
926,0,3,0,0,0,Improvement,2.0,7.0,-0.6666666666666666,underestimated
927,0,5,0,0,0,Bug,2.0,3.0,-0.6666666666666666,underestimated
928,0,2,0,0,0,Bug,1.0,5.0,-0.6666666666666666,underestimated
929,0,4,0,0,0,Task,2.0,4.0,-0.6666666666666666,underestimated
930,0,4,0,0,0,Sub-task,3.0,7.0,-0.4,underestimated
931,0,5,0,0,0,Improvement,2.0,6.0,-0.6666666666666666,underestimated
933,0,5,0,0,0,Improvement,2.0,7.0,-0.15384615384615385,underestimated
934,0,2,0,0,0,Task,2.0,3.0,-0.6666666666666666,underestimated
935,0,3,0,0,0,Task,3.0,5.0,-0.6666666666666666,underestimated
936,0,3,0,0,0,Bug,2.0,6.0,-0.9090909090909091,underestimated
937,0,2,0,0,0,Bug,4.0,5.0,-0.6666666666666666,underestimated
940,0,8,0,0,0,Bug,3.0,7.0,-0.6666666666666666,underestimated
941,0,3,0,0,0,Task,1.0,4.0,-0.6666666666666666,underestimated
942,0,13,0,0,0,Improvement,1.0,16.0,-0.6086956521739131,underestimated
945,0,1,0,0,0,Task,3.0,4.0,-0.6666666666666666,underestimated
948,0,2,0,0,0,Task,2.0,3.0,-0.5,underestimated
954,0,6,0,0,0,Bug,2.0,9.0,-0.9333333333333333,underestimated
955,0,4,0,0,0,Task,2.0,5.0,-0.8571428571428571,underestimated
956,2,7,0,0,0,New Feature,2.0,14.0,-0.9090909090909091,underestimated
957,1,5,1,0,1,Task,1.0,9.0,-0.4,underestimated
958,0,1,1,1,0,Sub-task,2.0,11.0,-0.8235294117647058,underestimated
960,0,5,0,0,0,Bug,2.0,9.0,-0.5,underestimated
962,0,17,1,0,1,Improvement,2.0,20.0,-0.8333333333333334,underestimated
963,4,10,1,1,0,Improvement,2.0,15.0,-0.9130434782608695,underestimated
964,0,6,0,0,0,Bug,2.0,9.0,-0.75,underestimated
965,0,7,0,0,0,Sub-task,3.0,15.0,-0.875,underestimated
970,0,1,0,0,0,Sub-task,2.0,27.0,-0.6,underestimated
971,0,0,0,0,0,Sub-task,2.0,38.0,-0.7272727272727273,underestimated
973,0,0,0,0,0,Sub-task,2.0,19.0,-0.6,underestimated
974,0,0,0,0,0,Sub-task,2.0,18.0,-0.6666666666666666,underestimated
975,0,1,1,1,0,Support Request,3.0,11.0,-0.5,underestimated
979,0,1,0,0,0,Bug,3.0,15.0,-0.5,underestimated
980,0,0,0,0,0,Bug,2.0,16.0,-0.8,underestimated
981,0,1,0,0,0,Bug,3.0,19.0,-0.5,underestimated
984,0,5,1,0,1,Bug,1.0,23.0,-0.6666666666666666,underestimated
985,0,0,0,0,0,Bug,2.0,19.0,-0.5,underestimated
987,0,1,2,0,2,Bug,3.0,22.0,-0.3333333333333333,underestimated
992,0,7,4,2,2,Bug,3.0,24.0,-0.4,underestimated
994,0,0,1,1,0,Bug,2.0,17.0,-0.723404255319149,underestimated
1008,0,1,1,1,0,Bug,2.0,21.0,-0.2222222222222222,underestimated
1009,0,2,1,0,1,Bug,2.0,21.0,-0.6666666666666666,underestimated
1019,0,2,0,0,0,Bug,3.0,20.0,-0.4,underestimated
1021,0,2,0,0,0,Bug,2.0,20.0,-0.4,underestimated
1024,0,13,7,0,7,Bug,2.0,28.0,-0.4,underestimated
1026,0,1,0,0,0,Bug,2.0,23.0,-0.8571428571428571,underestimated
1029,0,1,1,0,1,Support Request,3.0,12.0,-0.5,underestimated
1041,0,0,4,2,2,Bug,3.0,31.0,-0.8571428571428571,underestimated
1050,0,0,0,0,0,Bug,3.0,16.0,-0.5,underestimated
1052,0,6,0,0,0,Bug,2.0,16.0,-0.8775510204081632,underestimated
1053,0,2,0,0,0,Bug,3.0,10.0,-0.8,underestimated
1057,0,1,0,0,0,Bug,2.0,14.0,-0.5,underestimated
1071,0,0,0,0,0,Bug,2.0,10.0,-0.5,underestimated
1072,0,0,0,0,0,Bug,2.0,10.0,-0.5,underestimated
1109,0,0,0,0,0,Bug,2.0,12.0,-0.4,underestimated
1112,0,2,2,0,2,Bug,3.0,13.0,-0.2857142857142857,underestimated
1117,0,0,0,0,0,Bug,2.0,9.0,-0.5,underestimated
1135,0,1,0,0,0,Bug,2.0,6.0,-0.6666666666666666,underestimated
1142,0,3,0,0,0,Bug,3.0,17.0,-0.2222222222222222,underestimated
1149,0,11,0,0,0,Bug,1.0,34.0,-0.9176389842141386,underestimated
1165,0,0,0,0,0,Bug,3.0,14.0,-0.23076923076923078,underestimated
1167,0,0,0,0,0,Bug,3.0,15.0,-0.4230769230769231,underestimated
1170,0,0,0,0,0,Bug,3.0,18.0,-0.2857142857142857,underestimated
1172,0,0,0,0,0,Bug,3.0,10.0,-0.8571428571428571,underestimated
1176,0,1,0,0,0,Bug,3.0,15.0,-0.8,underestimated
1178,0,1,0,0,0,Bug,3.0,13.0,-0.8,underestimated
1180,0,2,0,0,0,Bug,2.0,21.0,-0.8026315789473685,underestimated
1181,0,0,0,0,0,Bug,3.0,12.0,-0.8333333333333334,underestimated
1182,0,1,0,0,0,Bug,3.0,16.0,-0.9090909090909091,underestimated
1183,0,3,0,0,0,Bug,3.0,16.0,-0.6666666666666666,underestimated
1185,0,1,1,0,1,Bug,3.0,19.0,-0.8771929824561403,underestimated
1186,0,2,0,0,0,Bug,3.0,10.0,-0.8,underestimated
1187,0,0,0,0,0,Bug,2.0,15.0,-0.6666666666666666,underestimated
1188,0,1,0,0,0,Bug,3.0,17.0,-0.7909407665505227,underestimated
1190,0,1,0,0,0,Bug,3.0,17.0,-0.15384615384615385,underestimated
1191,0,1,1,0,1,Bug,3.0,19.0,-0.3684210526315789,underestimated
1192,0,2,0,0,0,Bug,3.0,16.0,-0.2222222222222222,underestimated
1219,0,0,0,0,0,Bug,2.0,20.0,-0.8823529411764706,underestimated
1220,0,0,1,1,0,Bug,3.0,12.0,-0.9333333333333333,underestimated
1221,0,0,0,0,0,Bug,0.0,14.0,-0.4,underestimated
1222,0,0,0,0,0,Bug,3.0,13.0,-0.75,underestimated
1225,0,0,0,0,0,Bug,3.0,15.0,-0.3333333333333333,underestimated
1227,0,0,0,0,0,Bug,2.0,15.0,-0.5488721804511278,underestimated
1228,0,10,2,0,2,Bug,3.0,39.0,-0.6666666666666666,underestimated
1230,0,0,0,0,0,Bug,2.0,17.0,-0.9583333333333334,underestimated
1238,0,3,0,0,0,Bug,1.0,22.0,-0.4,underestimated
1241,0,0,0,0,0,Bug,3.0,15.0,-0.9333333333333333,underestimated
1243,0,0,0,0,0,Bug,3.0,12.0,-0.5,underestimated
1247,0,2,0,0,0,Bug,2.0,17.0,-0.5,underestimated
1248,0,0,0,0,0,Bug,3.0,20.0,-0.75,underestimated
1249,0,0,0,0,0,Bug,2.0,14.0,-0.6666666666666666,underestimated
1255,0,0,0,0,0,Bug,3.0,18.0,-0.6666666666666666,underestimated
1256,0,0,0,0,0,Bug,0.0,15.0,-0.7692307692307693,underestimated
1259,0,1,0,0,0,Bug,2.0,16.0,-0.6666666666666666,underestimated
1260,0,1,0,0,0,Bug,2.0,24.0,-0.25311203319502074,underestimated
1274,0,5,0,0,0,Bug,2.0,19.0,-0.6666666666666666,underestimated
1275,0,1,0,0,0,Bug,2.0,18.0,-0.2222222222222222,underestimated
1294,0,0,1,0,1,Bug,2.0,21.0,-0.8811881188118812,underestimated
1295,0,0,0,0,0,Bug,2.0,18.0,-0.4,underestimated
1298,0,0,0,0,0,Bug,2.0,14.0,-0.5,underestimated
1314,0,0,0,0,0,Bug,3.0,14.0,-0.7692307692307693,underestimated
1340,0,22,3,2,1,Bug,2.0,51.0,-0.5454545454545454,underestimated
1341,0,10,6,1,5,Bug,2.0,60.0,-0.2857142857142857,underestimated
1359,0,7,0,0,0,Sub-task,2.0,14.0,-0.75,underestimated
1364,0,1,1,0,1,Sub-task,2.0,18.0,-0.5,underestimated
1367,0,3,0,0,0,Sub-task,2.0,18.0,-0.6,underestimated
1372,0,1,1,0,1,Bug,2.0,16.0,-0.5,underestimated
1375,0,4,1,0,1,Sub-task,2.0,21.0,-0.7142857142857143,underestimated
1381,0,3,0,0,0,Sub-task,2.0,21.0,-0.8095238095238095,underestimated
1384,0,2,0,0,0,Sub-task,2.0,16.0,-0.9565217391304348,underestimated
1385,0,0,0,0,0,Sub-task,2.0,17.0,-0.3333333333333333,underestimated
1394,0,0,0,0,0,Bug,2.0,9.0,-0.5,underestimated
1397,0,5,0,0,0,Bug,3.0,12.0,-0.8333333333333334,underestimated
1398,0,1,0,0,0,Bug,0.0,6.0,-0.5,underestimated
1400,0,0,2,0,2,Bug,2.0,14.0,-0.7027027027027027,underestimated
1402,0,1,0,0,0,Sub-task,2.0,13.0,-0.5,underestimated
1410,0,0,0,0,0,Sub-task,2.0,13.0,-0.5,underestimated
1424,0,2,1,0,1,Bug,3.0,19.0,-0.6666666666666666,underestimated
1427,0,1,0,0,0,Bug,3.0,17.0,-0.6666666666666666,underestimated
1428,0,4,0,0,0,Bug,1.0,28.0,-0.9285714285714286,underestimated
1442,0,0,1,1,0,Bug,2.0,18.0,-0.6666666666666666,underestimated
1457,0,8,0,0,0,Bug,2.0,21.0,-0.8888888888888888,underestimated
1467,0,7,1,1,0,Bug,2.0,15.0,-0.4,underestimated
1470,0,1,2,1,1,Bug,3.0,19.0,-0.6666666666666666,underestimated
1472,0,4,2,1,1,Bug,2.0,13.0,-0.5,underestimated
1473,0,3,0,0,0,Bug,2.0,13.0,-0.5,underestimated
1481,0,0,0,0,0,Bug,2.0,13.0,-0.6666666666666666,underestimated
1482,0,4,1,1,0,Bug,2.0,15.0,-0.6666666666666666,underestimated
1486,0,0,0,0,0,Bug,3.0,13.0,-0.6666666666666666,underestimated
1500,0,10,3,0,3,Bug,2.0,17.0,-0.03278688524590164,underestimated
1513,0,1,0,0,0,Sub-task,2.0,6.0,-0.6666666666666666,underestimated
1514,0,6,0,0,0,Sub-task,2.0,12.0,-0.4,underestimated
1516,0,8,1,0,1,Bug,2.0,20.0,-0.8947368421052632,underestimated
1517,0,6,0,0,0,Task,3.0,11.0,-0.5,underestimated
1522,0,0,0,0,0,Task,2.0,11.0,-0.6666666666666666,underestimated
1523,0,1,0,0,0,Bug,1.0,7.0,-0.5454545454545454,underestimated
1525,0,11,0,0,0,Bug,2.0,12.0,-0.7692307692307693,underestimated
1526,1,3,0,0,0,Task,2.0,9.0,-0.5,underestimated
1559,0,10,3,2,1,Bug,2.0,54.0,-0.4430379746835443,underestimated
1561,0,27,0,0,0,Sub-task,2.0,19.0,-0.5,underestimated
1566,7,6,1,1,0,Task,1.0,11.0,-0.7142857142857143,underestimated
1567,0,4,0,0,0,Bug,2.0,10.0,-0.5,underestimated
1568,0,7,0,0,0,Improvement,2.0,17.0,-0.8372093023255814,underestimated
1569,0,15,2,0,2,Improvement,2.0,20.0,-0.5,underestimated
1571,0,3,0,0,0,Bug,0.0,13.0,-0.5,underestimated
1576,0,1,0,0,0,Sub-task,0.0,10.0,-0.3333333333333333,underestimated
1583,0,6,0,0,0,Sub-task,2.0,6.0,-0.75,underestimated
1591,0,7,0,0,0,Bug,3.0,7.0,-0.5,underestimated
1605,0,53,0,0,0,Bug,2.0,60.0,-0.5103448275862069,underestimated
1606,0,58,2,1,1,Bug,2.0,15.0,-0.8333333333333334,underestimated
1608,0,1,0,0,0,Task,2.0,15.0,-0.9565217391304348,underestimated
1609,0,2,1,0,1,New Feature,3.0,11.0,-0.4,underestimated
1631,0,8,1,0,1,Bug,2.0,9.0,-0.5,underestimated
1634,0,0,0,0,0,Sub-task,4.0,1.0,-0.9166666666666666,underestimated
1635,0,1,0,0,0,Bug,3.0,3.0,-0.6666666666666666,underestimated
1636,0,0,0,0,0,Sub-task,2.0,3.0,-0.6666666666666666,underestimated
1637,0,0,0,0,0,Sub-task,2.0,3.0,-0.6666666666666666,underestimated
1638,0,1,0,0,0,Sub-task,2.0,4.0,-0.5,underestimated
1641,0,0,0,0,0,Sub-task,2.0,6.0,-0.5714285714285714,underestimated
1642,0,1,0,0,0,Sub-task,2.0,8.0,-0.9090909090909091,underestimated
1647,0,3,0,0,0,Bug,2.0,8.0,-0.6666666666666666,underestimated
1648,0,3,0,0,0,Bug,3.0,6.0,-0.6666666666666666,underestimated
1651,0,1,0,0,0,Sub-task,2.0,5.0,-0.4,underestimated
1652,0,1,0,0,0,Sub-task,2.0,5.0,-0.6666666666666666,underestimated
1653,0,1,0,0,0,Sub-task,2.0,5.0,-0.8,underestimated
1654,0,6,0,0,0,Sub-task,2.0,8.0,-0.8444444444444444,underestimated
1655,0,1,0,0,0,Sub-task,2.0,5.0,-0.4,underestimated
1657,0,1,0,0,0,Sub-task,3.0,3.0,-0.5,underestimated
1658,0,10,0,0,0,Improvement,2.0,8.0,-0.8888888888888888,underestimated
1659,0,5,0,0,0,Sub-task,2.0,7.0,-0.8888888888888888,underestimated
1660,0,4,0,0,0,Sub-task,2.0,9.0,-0.6666666666666666,underestimated
1663,0,4,2,0,2,Bug,1.0,7.0,-0.5,underestimated
1665,0,4,0,0,0,Bug,1.0,4.0,-0.9833333333333333,underestimated
1666,0,3,0,0,0,Bug,2.0,8.0,-0.8571428571428571,underestimated
1667,0,6,0,0,0,Bug,3.0,4.0,-0.6666666666666666,underestimated
1671,0,13,1,1,0,Bug,2.0,8.0,-0.75,underestimated
1672,0,9,1,0,1,Bug,2.0,4.0,-0.8,underestimated
1694,0,8,1,1,0,Sub-task,3.0,10.0,-0.5,underestimated
1695,0,9,0,0,0,Sub-task,2.0,8.0,-0.6206896551724138,underestimated
1696,0,11,2,1,1,Bug,2.0,20.0,-0.9298245614035088,underestimated
1704,0,17,1,0,1,New Feature,1.0,16.0,-0.6,underestimated
1712,0,11,1,0,1,Bug,3.0,12.0,-0.6,underestimated
1715,0,10,1,0,1,Bug,1.0,12.0,-0.6666666666666666,underestimated
1720,0,12,1,1,0,Bug,2.0,12.0,-0.8571428571428571,underestimated
1721,0,7,2,0,2,Bug,2.0,9.0,-0.6666666666666666,underestimated
1726,0,12,0,0,0,Improvement,2.0,12.0,-0.9333333333333333,underestimated
1729,0,6,0,0,0,Bug,2.0,10.0,-0.6666666666666666,underestimated
1730,0,17,4,3,1,Improvement,3.0,18.0,-0.38461538461538464,underestimated
1731,0,19,3,1,2,Bug,2.0,31.0,-0.4,underestimated
1734,0,18,1,1,0,Sub-task,2.0,46.0,-0.8313253012048193,underestimated
1739,0,7,1,1,0,Task,2.0,13.0,-0.9565217391304348,underestimated
1740,0,9,2,1,1,Sub-task,1.0,9.0,-0.6666666666666666,underestimated
1741,0,6,4,3,1,New Feature,1.0,17.0,-0.6875,underestimated
1742,0,5,0,0,0,Sub-task,2.0,4.0,-0.5,underestimated
1744,0,1,0,0,0,Sub-task,2.0,3.0,-0.5,underestimated
1746,0,11,0,0,0,Sub-task,2.0,4.0,-0.6666666666666666,underestimated
1748,0,9,1,0,1,Task,2.0,17.0,-0.3333333333333333,underestimated
1749,0,4,0,0,0,Sub-task,2.0,7.0,-0.5,underestimated
1751,0,13,3,1,2,Sub-task,3.0,12.0,-0.8,underestimated
1752,0,4,1,0,1,Sub-task,2.0,12.0,-0.8,underestimated
1753,0,8,2,0,2,Bug,2.0,15.0,-0.6666666666666666,underestimated
1754,0,2,0,0,0,Improvement,3.0,4.0,-0.5,underestimated
1755,0,1,0,0,0,New Feature,2.0,8.0,-0.6666666666666666,underestimated
1765,0,1,0,0,0,Sub-task,2.0,5.0,-0.8333333333333334,underestimated
1767,0,1,0,0,0,Sub-task,3.0,7.0,-0.6923076923076923,underestimated
1768,0,1,0,0,0,Sub-task,3.0,5.0,-0.9791666666666666,underestimated
1770,0,2,0,0,0,Sub-task,2.0,6.0,-0.875,underestimated
1771,0,12,0,0,0,Sub-task,2.0,8.0,-0.6,underestimated
1772,0,7,3,0,3,Task,2.0,14.0,-0.8571428571428571,underestimated
1773,50,1,3,1,2,Improvement,3.0,15.0,-0.3333333333333333,underestimated
1779,0,2,0,0,0,New Feature,2.0,6.0,-0.25,underestimated
1790,0,5,0,0,0,Improvement,2.0,5.0,-0.6666666666666666,underestimated
1792,0,13,0,0,0,New Feature,3.0,28.0,-0.9473684210526315,underestimated
1806,0,1,1,0,1,Improvement,3.0,12.0,-0.6666666666666666,underestimated
1807,0,1,0,0,0,Improvement,4.0,9.0,-0.5,underestimated
1814,0,4,0,0,0,Bug,1.0,20.0,-0.6666666666666666,underestimated
1825,0,6,0,0,0,Improvement,3.0,63.0,-0.4,underestimated
1857,0,2,0,0,0,Task,0.0,7.0,-0.4,underestimated
1859,0,7,2,0,2,Bug,2.0,23.0,-0.75,underestimated
1860,0,2,0,0,0,Task,2.0,16.0,-0.9629629629629629,underestimated
1861,0,6,0,0,0,Task,2.0,15.0,-0.9,underestimated
1862,0,4,1,1,0,New Feature,4.0,13.0,-0.8333333333333334,underestimated
1864,0,1,0,0,0,New Feature,2.0,14.0,-0.8431372549019608,underestimated
1867,0,1,0,0,0,Improvement,2.0,11.0,-0.8,underestimated
1868,0,4,0,0,0,Task,2.0,19.0,-0.8571428571428571,underestimated
1871,0,2,0,0,0,Task,2.0,20.0,-0.8461538461538461,underestimated
1872,0,1,0,0,0,Task,2.0,15.0,-0.8571428571428571,underestimated
1875,0,1,0,0,0,Bug,2.0,14.0,-0.8,underestimated
1877,0,6,1,0,1,New Feature,2.0,26.0,-0.5294117647058824,underestimated
1881,0,3,0,0,0,Task,2.0,13.0,-0.9523809523809523,underestimated
1882,0,5,0,0,0,Task,2.0,15.0,-0.6875,underestimated
1883,0,2,0,0,0,Task,2.0,15.0,-0.9565217391304348,underestimated
1887,0,3,0,0,0,Bug,2.0,13.0,-0.6666666666666666,underestimated
1888,0,3,0,0,0,Task,2.0,18.0,-0.3333333333333333,underestimated
1890,0,23,0,0,0,Improvement,2.0,20.0,-0.875,underestimated
1891,0,4,0,0,0,Improvement,3.0,16.0,-0.4,underestimated
1892,0,4,0,0,0,Improvement,2.0,17.0,-0.6666666666666666,underestimated
1894,0,0,0,0,0,Improvement,3.0,11.0,-0.6666666666666666,underestimated
1896,0,1,0,0,0,Task,2.0,10.0,-0.2,underestimated
1898,0,4,0,0,0,Improvement,3.0,15.0,-0.9090909090909091,underestimated
1899,0,3,0,0,0,Bug,2.0,22.0,-0.008298755186721992,underestimated
1904,0,10,0,0,0,Task,2.0,21.0,-0.9230769230769231,underestimated
1907,0,1,0,0,0,Improvement,2.0,12.0,-0.6956521739130435,underestimated
1908,0,1,0,0,0,Improvement,3.0,14.0,-0.8,underestimated
1910,0,8,0,0,0,Task,2.0,14.0,-0.6206896551724138,underestimated
1913,0,2,0,0,0,Improvement,2.0,21.0,-0.975,underestimated
1915,0,4,0,0,0,Bug,2.0,15.0,-0.75,underestimated
1922,0,4,0,0,0,Bug,4.0,3.0,-0.6666666666666666,underestimated
1927,0,8,0,0,0,Bug,1.0,8.0,-0.3333333333333333,underestimated
1936,0,24,0,0,0,Improvement,4.0,35.0,-0.25,underestimated
1948,0,5,0,0,0,Bug,0.0,11.0,-0.8,underestimated
1958,0,1,0,0,0,Bug,4.0,13.0,-0.8,underestimated
1963,0,1,1,0,1,Sub-task,2.0,11.0,-0.3333333333333333,underestimated
1964,0,2,1,1,0,Sub-task,2.0,12.0,-0.7777777777777778,underestimated
1969,0,4,0,0,0,Task,2.0,13.0,-0.8292682926829268,underestimated
1973,0,1,0,0,0,Bug,2.0,6.0,-0.01639344262295082,underestimated
1975,0,4,0,0,0,Bug,2.0,8.0,-0.5,underestimated
1981,0,10,2,2,0,Bug,2.0,18.0,-0.5,underestimated
1982,0,5,0,0,0,New Feature,3.0,11.0,-0.8571428571428571,underestimated
1987,0,0,0,0,0,Improvement,2.0,37.0,-0.7525773195876289,underestimated
2008,0,1,0,0,0,Task,2.0,5.0,-0.25,underestimated
2029,0,7,1,1,0,Improvement,3.0,27.0,-0.8,underestimated
2035,0,5,1,0,1,New Feature,1.0,70.0,-0.2222222222222222,underestimated
2038,0,3,0,0,0,Bug,0.0,27.0,-0.8,underestimated
2040,0,7,0,0,0,Improvement,2.0,9.0,-0.6428571428571429,underestimated
2043,0,7,1,0,1,New Feature,2.0,34.0,-0.8290322580645161,underestimated
2044,0,8,0,0,0,Bug,2.0,9.0,-0.7142857142857143,underestimated
2049,0,0,0,0,0,Bug,0.0,5.0,-0.5,underestimated
2057,0,7,0,0,0,Improvement,3.0,24.0,-0.2222222222222222,underestimated
2063,0,4,0,0,0,Improvement,2.0,22.0,-0.8625592417061612,underestimated
2064,0,4,1,0,1,Improvement,3.0,38.0,-0.48580441640378547,underestimated
2069,0,12,1,1,0,Bug,2.0,14.0,-0.5083333333333333,underestimated
2096,0,1,0,0,0,Improvement,3.0,7.0,-0.8177339901477833,underestimated
2110,0,21,3,2,1,Sub-task,2.0,25.0,-0.22950819672131148,underestimated
2115,0,15,0,0,0,Bug,2.0,13.0,-0.75,underestimated
2116,0,21,0,0,0,Bug,2.0,26.0,-0.8648648648648649,underestimated
2117,0,24,3,3,0,Sub-task,2.0,26.0,-0.3333333333333333,underestimated
2122,0,17,0,0,0,New Feature,2.0,13.0,-0.25,underestimated
2125,0,4,1,0,1,Improvement,2.0,13.0,-0.75,underestimated
2128,0,2,0,0,0,Bug,2.0,11.0,-0.9583333333333334,underestimated
2131,0,11,0,0,0,Task,2.0,10.0,-0.15384615384615385,underestimated
2141,0,6,0,0,0,Bug,2.0,7.0,-0.5,underestimated
2165,0,1,1,0,1,Bug,2.0,14.0,-0.5,underestimated
2180,3,51,5,3,2,Bug,2.0,34.0,-0.5,underestimated
2187,0,8,0,0,0,Improvement,2.0,8.0,-0.8,underestimated
2190,0,2,0,0,0,Bug,2.0,12.0,-0.6666666666666666,underestimated
2192,0,2,0,0,0,Bug,2.0,11.0,-0.75,underestimated
2193,0,1,0,0,0,Bug,2.0,13.0,-0.5454545454545454,underestimated
2195,0,2,0,0,0,Improvement,2.0,13.0,-0.8571428571428571,underestimated
2198,0,1,0,0,0,Task,2.0,8.0,-0.75,underestimated
2199,0,1,0,0,0,Sub-task,2.0,8.0,-0.4,underestimated
2200,0,2,0,0,0,Improvement,2.0,11.0,-0.9090909090909091,underestimated
2201,0,1,0,0,0,Task,2.0,9.0,-0.3333333333333333,underestimated
2203,0,4,0,0,0,Bug,3.0,8.0,-0.8,underestimated
2206,0,2,0,0,0,Improvement,2.0,3.0,-0.6666666666666666,underestimated
2208,0,4,0,0,0,Sub-task,2.0,6.0,-0.6666666666666666,underestimated
2212,0,1,6,6,0,New Feature,2.0,10.0,-0.9230769230769231,underestimated
2221,0,9,0,0,0,Improvement,3.0,16.0,-0.3333333333333333,underestimated
2237,0,3,0,0,0,Bug,2.0,6.0,-0.5,underestimated
2254,0,0,0,0,0,Sub-task,3.0,68.0,-0.3448275862068966,underestimated
2260,0,1,0,0,0,Improvement,4.0,12.0,-0.8,underestimated
2266,0,2,0,0,0,Bug,1.0,257.0,-0.8571428571428571,underestimated
2270,0,6,0,0,0,Improvement,3.0,36.0,-0.875,underestimated
2274,0,3,0,0,0,Bug,2.0,14.0,-0.5,underestimated
2291,0,1,1,0,1,Improvement,3.0,15.0,-0.8,underestimated
2309,0,3,0,0,0,Bug,2.0,12.0,-0.75,underestimated
2313,0,1,0,0,0,Improvement,3.0,10.0,-0.8,underestimated
2316,0,1,0,0,0,Test,3.0,25.0,-0.9090909090909091,underestimated
2325,8,18,0,0,0,New Feature,3.0,170.0,-0.8224872626215841,underestimated
2326,0,1,0,0,0,Improvement,2.0,17.0,-0.2857142857142857,underestimated
2335,0,1,0,0,0,Bug,2.0,33.0,-0.18867924528301888,underestimated
2340,0,4,1,0,1,Improvement,2.0,19.0,-0.4,underestimated
2342,0,2,0,0,0,Improvement,2.0,96.0,-0.36363636363636365,underestimated
2343,0,3,0,0,0,Bug,3.0,12.0,-0.5,underestimated
2357,0,2,0,0,0,Bug,3.0,4.0,-0.5,underestimated
2361,0,2,0,0,0,Bug,2.0,7.0,-0.4,underestimated
2364,0,1,0,0,0,Task,3.0,6.0,-0.5,underestimated
2365,0,4,0,0,0,Bug,3.0,17.0,-0.5,underestimated
2373,0,26,0,0,0,Bug,3.0,57.0,-0.9090909090909091,underestimated
2376,0,2,0,0,0,Bug,2.0,24.0,-0.2,underestimated
2377,0,2,0,0,0,Bug,3.0,18.0,-0.2857142857142857,underestimated
2378,0,0,0,0,0,Improvement,3.0,10.0,-0.5,underestimated
2382,0,1,0,0,0,Bug,3.0,12.0,-0.8,underestimated
2388,0,1,0,0,0,Bug,1.0,24.0,-0.11688311688311688,underestimated
2392,0,1,0,0,0,Task,2.0,11.0,-0.04081632653061224,underestimated
2402,0,2,0,0,0,Improvement,3.0,35.0,-0.875,underestimated
2403,0,1,1,0,1,Bug,2.0,16.0,-0.2620689655172414,underestimated
2405,0,15,1,0,1,New Feature,2.0,53.0,-0.8,underestimated
2406,0,1,0,0,0,Task,2.0,8.0,-0.8571428571428571,underestimated
2407,0,3,2,1,1,New Feature,2.0,16.0,-0.8,underestimated
2408,0,1,1,1,0,Bug,2.0,10.0,-0.6666666666666666,underestimated
2412,0,10,1,0,1,Bug,2.0,187.0,-0.5742574257425742,underestimated
2416,2,19,3,1,2,Improvement,2.0,11.0,-0.3333333333333333,underestimated
2417,0,3,0,0,0,Story,3.0,20.0,-0.9,underestimated
2420,0,0,1,0,1,Story,2.0,23.0,-0.9333333333333333,underestimated
2422,0,0,0,0,0,Story,2.0,10.0,-0.2608695652173913,underestimated
2426,1,146,1,0,1,Story,0.0,92.0,-0.6666666666666666,underestimated
2429,0,16,0,0,0,Defect,2.0,42.0,-0.5,underestimated
2430,0,0,1,0,1,Story,2.0,17.0,-0.4,underestimated
2433,0,6,0,0,0,Story,4.0,26.0,-0.6666666666666666,underestimated
2438,0,1,2,1,1,Story,3.0,17.0,-0.4,underestimated
2440,0,9,0,0,0,Defect,3.0,28.0,-0.7939698492462312,underestimated
2441,0,20,0,0,0,Task,3.0,39.0,-0.95,underestimated
2442,0,16,0,0,0,Defect,3.0,31.0,-0.3333333333333333,underestimated
2443,0,18,1,1,0,Defect,2.0,31.0,-0.10071942446043165,underestimated
2445,0,24,0,0,0,Defect,3.0,34.0,-0.945054945054945,underestimated
2446,0,1,0,0,0,Task,3.0,19.0,-0.4,underestimated
2447,0,2,0,0,0,Task,3.0,18.0,-0.3333333333333333,underestimated
2450,0,28,2,1,1,Defect,2.0,53.0,-0.8888888888888888,underestimated
2452,0,6,0,0,0,Defect,3.0,10.0,-0.75,underestimated
2454,0,24,0,0,0,Defect,0.0,32.0,-0.0625,underestimated
2455,0,7,0,0,0,Defect,3.0,28.0,-0.42857142857142855,underestimated
2456,0,19,2,0,2,Story,3.0,40.0,-0.2857142857142857,underestimated
2457,0,10,1,0,1,Task,2.0,25.0,-0.6666666666666666,underestimated
2459,0,15,1,0,1,Story,4.0,29.0,-0.4,underestimated
2460,0,23,0,0,0,Defect,3.0,43.0,-0.15384615384615385,underestimated
2462,0,9,0,0,0,Defect,3.0,38.0,-0.866740699611327,underestimated
2466,0,11,0,0,0,Defect,3.0,25.0,-0.4,underestimated
2468,0,4,0,0,0,Defect,3.0,22.0,-0.8,underestimated
2470,0,10,0,0,0,Defect,3.0,46.0,-0.6823529411764706,underestimated
2472,0,9,0,0,0,Task,3.0,31.0,-0.7692307692307693,underestimated
2473,0,25,0,0,0,Task,3.0,31.0,-0.8333333333333334,underestimated
2477,7,20,1,0,1,Story,3.0,34.0,-0.3,underestimated
2479,0,9,0,0,0,Bug,4.0,18.0,-0.6666666666666666,underestimated
